<?xml version="1.0" encoding="UTF-8" ?>
<!DOCTYPE mapper
  PUBLIC "-//mybatis.org//DTD Mapper 3.0//EN"
  "http://mybatis.org/dtd/mybatis-3-mapper.dtd">

<mapper namespace="edu.eci.cvds.persistence.mybatisimpl.mappers.ReviewMapper">

	<resultMap type='Review' id='ReviewResult'>
		<id property='id' column='id' />
		<result property='title' column='title' />
		<result property='date' column='date' />
		<result property='comment' column='comment' />
		<result property='rating' column='rating' />
		<result property='decanaturaId' column='decanaturaId' />
		<association property="libroId" javaType="Book" columnPrefix="book_">
		</association>
	</resultMap>



	<select id="getByBook" resultMap="ReviewResult"
			parameterType="int">
		SELECT
		r.id ,
		r.name ,
		r.price ,
		r.`language` ,
		r.publicationdate ,
		r.rating ,
		r.format
		FROM REVIEW r
		<if test="libro != null">
			WHERE r.book_id = #{libro}
		</if>
	</select>
</mapper>