<?xml version="1.0" encoding="UTF-8" ?>
<!DOCTYPE configuration
  PUBLIC "-//mybatis.org//DTD Config 3.0//EN"
  "http://mybatis.org/dtd/mybatis-3-config.dtd">
<configuration>
	<properties resource="config.properties">
	</properties>

	<typeAliases>
		<typeAlias type='edu.eci.cvds.entities.Author' alias='Author' />
		<typeAlias type='edu.eci.cvds.entities.Review' alias='Review' />
		<typeAlias type='edu.eci.cvds.entities.Book' alias='Book' />
	</typeAliases>

	<environments default="development">
		<environment id="development">
			<transactionManager type="JDBC" />
			<dataSource type="POOLED">
				<property name="driver" value="${driver}" />
				<!--property name="url" value="jdbc:mysql://localhost:3306/video_rental"/! -->
				<property name="url" value="${url}" />
				<property name="username" value="${username}" />
				<property name="password" value="${password}" />
			</dataSource>
		</environment>
	</environments>

	<mappers>
		<mapper resource="mappers/AuthorMapper.xml"></mapper>
		<mapper resource="mappers/BookMapper.xml"></mapper>
		<mapper resource="mappers/ReviewMapper.xml"></mapper>
	</mappers>

</configuration>